iter	RMSE
0	20422.76426
1	17749.8249822	17616.3733933	16948.8785244	19605.478
5	18004.67527
6	16776.08614
7	19359.19456
8	17477.57937
9	18623.13467
10	17566.54716
11	19104.92101
12	16857.84961
13	21207.83047
14	16730.3405
15	17419.5264
16	18923.5379
17	17540.62245
18	17897.69924
19	18796.57586
648
